src,slice_num,img_slice,mask_slice,china,img_mean,lng,lat,mask_mean
1,150,og_dataset/splits/train/slice_1_img_150.npy,og_dataset/splits/train/slice_1_mask_150.npy,0.0005950927734375,382.6861572265625,445035.96786534047,4200787.405116672,0.37018585205078125
1,165,og_dataset/splits/train/slice_1_img_165.npy,og_dataset/splits/train/slice_1_mask_165.npy,0.0,370.9550476074219,445035.96786534047,4215969.538937306,0.2162933349609375
1,168,og_dataset/splits/train/slice_1_img_168.npy,og_dataset/splits/train/slice_1_mask_168.npy,0.0,437.91845703125,490581.77505738335,4215969.538937306,0.3225860595703125
1,185,og_dataset/splits/train/slice_1_img_185.npy,og_dataset/splits/train/slice_1_mask_185.npy,0.0,448.8788146972656,520945.6465187452,4231151.672757942,0.3833465576171875
1,186,og_dataset/splits/train/slice_1_img_186.npy,og_dataset/splits/train/slice_1_mask_186.npy,2.288818359375e-05,349.25146484375,536127.5822494262,4231151.672757942,0.274627685546875
2,020,og_dataset/splits/train/slice_2_img_020.npy,og_dataset/splits/train/slice_2_mask_020.npy,0.0,543.8927001953125,241375.5323577646,3430038.1691022962,0.2410736083984375
2,039,og_dataset/splits/train/slice_2_img_039.npy,og_dataset/splits/train/slice_2_mask_039.npy,0.0,307.67919921875,302103.1922543207,3445220.2818371607,0.2006072998046875
2,062,og_dataset/splits/train/slice_2_img_062.npy,og_dataset/splits/train/slice_2_mask_062.npy,0.040996551513671875,530.2218017578125,195829.78743534753,3475584.5073068896,0.6590766906738281
2,077,og_dataset/splits/train/slice_2_img_077.npy,og_dataset/splits/train/slice_2_mask_077.npy,0.022678375244140625,533.0368041992188,195829.78743534753,3490766.6200417536,0.5003929138183594
2,078,og_dataset/splits/train/slice_2_img_078.npy,og_dataset/splits/train/slice_2_mask_078.npy,0.00937652587890625,534.4707641601562,211011.70240948652,3490766.6200417536,0.2330780029296875
2,091,og_dataset/splits/train/slice_2_img_091.npy,og_dataset/splits/train/slice_2_mask_091.npy,0.006465911865234375,363.65399169921875,180647.87246120855,3505948.7327766176,0.2535743713378906
2,092,og_dataset/splits/train/slice_2_img_092.npy,og_dataset/splits/train/slice_2_mask_092.npy,0.028202056884765625,529.9004516601562,195829.78743534753,3505948.7327766176,0.6436882019042969
2,107,og_dataset/splits/train/slice_2_img_107.npy,og_dataset/splits/train/slice_2_mask_107.npy,0.00479888916015625,412.2950744628906,195829.78743534753,3521130.845511482,0.20672607421875
2,141,og_dataset/splits/train/slice_2_img_141.npy,og_dataset/splits/train/slice_2_mask_141.npy,0.0299530029296875,515.0802001953125,256557.44733190362,3551495.070981211,0.266998291015625
2,156,og_dataset/splits/train/slice_2_img_156.npy,og_dataset/splits/train/slice_2_mask_156.npy,0.027679443359375,515.08349609375,256557.44733190362,3566677.183716075,0.37152099609375
2,158,og_dataset/splits/train/slice_2_img_158.npy,og_dataset/splits/train/slice_2_mask_158.npy,0.006572723388671875,400.3747253417969,286921.27728018165,3566677.183716075,0.4085426330566406
2,171,og_dataset/splits/train/slice_2_img_171.npy,og_dataset/splits/train/slice_2_mask_171.npy,0.031780242919921875,486.9031982421875,256557.44733190362,3581859.29645094,0.19278335571289062
2,172,og_dataset/splits/train/slice_2_img_172.npy,og_dataset/splits/train/slice_2_mask_172.npy,0.035594940185546875,530.1808471679688,271739.36230604263,3581859.29645094,0.5414390563964844
2,187,og_dataset/splits/train/slice_2_img_187.npy,og_dataset/splits/train/slice_2_mask_187.npy,0.00811004638671875,496.1694030761719,271739.36230604263,3597041.4091858035,0.407257080078125
2,190,og_dataset/splits/train/slice_2_img_190.npy,og_dataset/splits/train/slice_2_mask_190.npy,0.030315399169921875,543.7766723632812,317285.10722845973,3597041.4091858035,0.4396171569824219
2,191,og_dataset/splits/train/slice_2_img_191.npy,og_dataset/splits/train/slice_2_mask_191.npy,0.044158935546875,573.3521118164062,332467.02220259875,3597041.4091858035,0.7013702392578125
2,192,og_dataset/splits/train/slice_2_img_192.npy,og_dataset/splits/train/slice_2_mask_192.npy,0.00257110595703125,373.2439880371094,347648.9371767377,3597041.4091858035,0.25310516357421875
2,204,og_dataset/splits/train/slice_2_img_204.npy,og_dataset/splits/train/slice_2_mask_204.npy,0.049468994140625,464.05059814453125,302103.1922543207,3612223.521920668,0.4897918701171875
2,205,og_dataset/splits/train/slice_2_img_205.npy,og_dataset/splits/train/slice_2_mask_205.npy,0.103302001953125,483.33966064453125,317285.10722845973,3612223.521920668,0.2951812744140625
2,206,og_dataset/splits/train/slice_2_img_206.npy,og_dataset/splits/train/slice_2_mask_206.npy,0.06431961059570312,568.671630859375,332467.02220259875,3612223.521920668,0.9127616882324219
3,020,og_dataset/splits/train/slice_3_img_020.npy,og_dataset/splits/train/slice_3_mask_020.npy,0.033199310302734375,388.62750244140625,669565.8007761966,3432378.2589094033,0.19144821166992188
3,023,og_dataset/splits/train/slice_3_img_023.npy,og_dataset/splits/train/slice_3_mask_023.npy,0.05654144287109375,420.3662414550781,715111.6921086676,3432378.2589094033,0.4803314208984375
3,036,og_dataset/splits/train/slice_3_img_036.npy,og_dataset/splits/train/slice_3_mask_036.npy,0.0340576171875,382.8717956542969,684747.7645536868,3447560.4315156722,0.23284149169921875
3,039,og_dataset/splits/train/slice_3_img_039.npy,og_dataset/splits/train/slice_3_mask_039.npy,0.003086090087890625,444.7955017089844,730293.6558861579,3447560.4315156722,0.6330223083496094
3,040,og_dataset/splits/train/slice_3_img_040.npy,og_dataset/splits/train/slice_3_mask_040.npy,0.016376495361328125,429.2646179199219,745475.6196636481,3447560.4315156722,0.20795059204101562
3,041,og_dataset/splits/train/slice_3_img_041.npy,og_dataset/splits/train/slice_3_mask_041.npy,0.00994873046875,458.0684509277344,760657.5834411385,3447560.4315156722,0.238555908203125
3,054,og_dataset/splits/train/slice_3_img_054.npy,og_dataset/splits/train/slice_3_mask_054.npy,0.038341522216796875,450.64501953125,730293.6558861579,3462742.6041219407,0.6947517395019531
3,070,og_dataset/splits/train/slice_3_img_070.npy,og_dataset/splits/train/slice_3_mask_070.npy,0.030979156494140625,452.6805114746094,745475.6196636481,3477924.7767282096,0.7760276794433594
3,071,og_dataset/splits/train/slice_3_img_071.npy,og_dataset/splits/train/slice_3_mask_071.npy,0.041576385498046875,482.03936767578125,760657.5834411385,3477924.7767282096,0.6938667297363281
3,087,og_dataset/splits/train/slice_3_img_087.npy,og_dataset/splits/train/slice_3_mask_087.npy,0.016010284423828125,457.3768615722656,775839.5472186288,3493106.9493344785,0.4446525573730469
3,101,og_dataset/splits/train/slice_3_img_101.npy,og_dataset/splits/train/slice_3_mask_101.npy,0.03029632568359375,439.53857421875,760657.5834411385,3508289.121940747,0.5781631469726562
3,102,og_dataset/splits/train/slice_3_img_102.npy,og_dataset/splits/train/slice_3_mask_102.npy,0.000942230224609375,438.1590270996094,775839.5472186288,3508289.121940747,0.3834800720214844
3,103,og_dataset/splits/train/slice_3_img_103.npy,og_dataset/splits/train/slice_3_mask_103.npy,0.001659393310546875,425.8534851074219,791021.5109961191,3508289.121940747,0.2640571594238281
4,121,og_dataset/splits/train/slice_4_img_121.npy,og_dataset/splits/train/slice_4_mask_121.npy,0.022003173828125,439.5198059082031,585197.9494818653,3378753.488322109,0.480316162109375
4,138,og_dataset/splits/train/slice_4_img_138.npy,og_dataset/splits/train/slice_4_mask_138.npy,0.011077880859375,435.6004943847656,615561.8821243523,3393935.663418828,0.23493194580078125
4,154,og_dataset/splits/train/slice_4_img_154.npy,og_dataset/splits/train/slice_4_mask_154.npy,0.0,445.16009521484375,630743.8484455959,3409117.8385155466,0.24854278564453125
5,124,og_dataset/splits/train/slice_5_img_124.npy,og_dataset/splits/train/slice_5_mask_124.npy,0.0,494.14483642578125,260603.62064613833,3694352.9307948863,0.26760101318359375
5,166,og_dataset/splits/train/slice_5_img_166.npy,og_dataset/splits/train/slice_5_mask_166.npy,0.0,459.54437255859375,215057.87354871276,3739899.259310728,0.20556640625
6,022,og_dataset/splits/train/slice_6_img_022.npy,og_dataset/splits/train/slice_6_mask_022.npy,0.0402069091796875,396.8893127441406,475289.50688073394,3746478.1971356357,0.22135162353515625
6,036,og_dataset/splits/train/slice_6_img_036.npy,og_dataset/splits/train/slice_6_mask_036.npy,0.031795501708984375,477.8672180175781,460107.57262996945,3761660.3285593935,0.5816993713378906
6,050,og_dataset/splits/train/slice_6_img_050.npy,og_dataset/splits/train/slice_6_mask_050.npy,0.021617889404296875,430.1620178222656,444925.6383792049,3776842.4599831514,0.3444404602050781
6,051,og_dataset/splits/train/slice_6_img_051.npy,og_dataset/splits/train/slice_6_mask_051.npy,0.056186676025390625,436.83587646484375,460107.57262996945,3776842.4599831514,0.4186515808105469
6,131,og_dataset/splits/train/slice_6_img_131.npy,og_dataset/splits/train/slice_6_mask_131.npy,0.008056640625,426.7997741699219,536017.2438837921,3852753.1171019375,0.31147003173828125
6,147,og_dataset/splits/train/slice_6_img_147.npy,og_dataset/splits/train/slice_6_mask_147.npy,0.0,407.6719055175781,551199.1781345566,3867935.248525695,0.3242950439453125
7,019,og_dataset/splits/train/slice_7_img_019.npy,og_dataset/splits/train/slice_7_mask_019.npy,0.0,379.1906433105469,288953.6173836256,3746838.1642579213,0.20073699951171875
7,020,og_dataset/splits/train/slice_7_img_020.npy,og_dataset/splits/train/slice_7_mask_020.npy,0.0,433.7948303222656,304135.5323577646,3746838.1642579213,0.28278350830078125
7,053,og_dataset/splits/train/slice_7_img_053.npy,og_dataset/splits/train/slice_7_mask_053.npy,0.0,393.4453125,349681.27728018165,3777202.3832684825,0.22100067138671875
7,059,og_dataset/splits/train/slice_7_img_059.npy,og_dataset/splits/train/slice_7_mask_059.npy,0.00751495361328125,444.9871826171875,440772.7671250158,3777202.3832684825,0.2485809326171875
8,024,og_dataset/splits/train/slice_8_img_024.npy,og_dataset/splits/train/slice_8_mask_024.npy,0.031005859375,442.7790832519531,264213.0194926902,3907368.136363636,0.5324783325195312
8,038,og_dataset/splits/train/slice_8_img_038.npy,og_dataset/splits/train/slice_8_mask_038.npy,0.040470123291015625,525.1685180664062,249031.122703986,3922550.2272727275,0.9453697204589844
8,044,og_dataset/splits/train/slice_8_img_044.npy,og_dataset/splits/train/slice_8_mask_044.npy,0.0167999267578125,443.4976806640625,340122.5034362114,3922550.2272727275,0.44092559814453125
8,050,og_dataset/splits/train/slice_8_img_050.npy,og_dataset/splits/train/slice_8_mask_050.npy,0.014743804931640625,475.5731201171875,203485.4323378733,3937732.3181818184,0.21670150756835938
8,051,og_dataset/splits/train/slice_8_img_051.npy,og_dataset/splits/train/slice_8_mask_051.npy,0.012325286865234375,492.23046875,218667.32912657753,3937732.3181818184,0.5952186584472656
8,052,og_dataset/splits/train/slice_8_img_052.npy,og_dataset/splits/train/slice_8_mask_052.npy,0.0714874267578125,514.9557495117188,233849.22591528174,3937732.3181818184,0.6968231201171875
8,053,og_dataset/splits/train/slice_8_img_053.npy,og_dataset/splits/train/slice_8_mask_053.npy,0.08349990844726562,512.2296752929688,249031.122703986,3937732.3181818184,0.5632133483886719
8,058,og_dataset/splits/train/slice_8_img_058.npy,og_dataset/splits/train/slice_8_mask_058.npy,0.051517486572265625,476.1671447753906,324940.6066475072,3937732.3181818184,0.3363075256347656
8,064,og_dataset/splits/train/slice_8_img_064.npy,og_dataset/splits/train/slice_8_mask_064.npy,0.014247894287109375,478.0116882324219,188303.53554916906,3952914.409090909,0.23285293579101562
8,065,og_dataset/splits/train/slice_8_img_065.npy,og_dataset/splits/train/slice_8_mask_065.npy,0.02159881591796875,489.60797119140625,203485.4323378733,3952914.409090909,0.2727508544921875
8,066,og_dataset/splits/train/slice_8_img_066.npy,og_dataset/splits/train/slice_8_mask_066.npy,0.06824493408203125,536.0009765625,218667.32912657753,3952914.409090909,0.8039093017578125
8,067,og_dataset/splits/train/slice_8_img_067.npy,og_dataset/splits/train/slice_8_mask_067.npy,0.06769561767578125,482.2184753417969,233849.22591528174,3952914.409090909,0.1422576904296875
8,073,og_dataset/splits/train/slice_8_img_073.npy,og_dataset/splits/train/slice_8_mask_073.npy,0.006877899169921875,485.5681457519531,324940.6066475072,3952914.409090909,0.22030258178710938
8,078,og_dataset/splits/train/slice_8_img_078.npy,og_dataset/splits/train/slice_8_mask_078.npy,0.015300750732421875,494.7439270019531,173121.63876046485,3968096.5,0.3515357971191406
8,081,og_dataset/splits/train/slice_8_img_081.npy,og_dataset/splits/train/slice_8_mask_081.npy,0.0606689453125,515.989013671875,218667.32912657753,3968096.5,0.6103134155273438
8,099,og_dataset/splits/train/slice_8_img_099.npy,og_dataset/splits/train/slice_8_mask_099.npy,0.01755523681640625,473.09765625,264213.0194926902,3983278.590909091,0.22557830810546875
8,121,og_dataset/splits/train/slice_8_img_121.npy,og_dataset/splits/train/slice_8_mask_121.npy,0.03873443603515625,464.14312744140625,142757.84518305634,4013642.7727272725,0.34748077392578125
8,128,og_dataset/splits/train/slice_8_img_128.npy,og_dataset/splits/train/slice_8_mask_128.npy,0.01227569580078125,487.88031005859375,249031.122703986,4013642.7727272725,0.34603118896484375
8,136,og_dataset/splits/train/slice_8_img_136.npy,og_dataset/splits/train/slice_8_mask_136.npy,0.015361785888671875,478.9557189941406,142757.84518305634,4028824.8636363638,0.21183395385742188
8,143,og_dataset/splits/train/slice_8_img_143.npy,og_dataset/splits/train/slice_8_mask_143.npy,0.003292083740234375,477.1564636230469,249031.122703986,4028824.8636363638,0.38764190673828125
8,144,og_dataset/splits/train/slice_8_img_144.npy,og_dataset/splits/train/slice_8_mask_144.npy,0.013965606689453125,474.31036376953125,264213.0194926902,4028824.8636363638,0.31209564208984375
8,191,og_dataset/splits/train/slice_8_img_191.npy,og_dataset/splits/train/slice_8_mask_191.npy,0.0,445.7440185546875,294576.8130700987,4074371.136363636,0.3812103271484375
9,023,og_dataset/splits/train/slice_9_img_023.npy,og_dataset/splits/train/slice_9_mask_023.npy,0.015613555908203125,431.65203857421875,600751.5486725664,3588708.228413441,0.5617942810058594
9,024,og_dataset/splits/train/slice_9_img_024.npy,og_dataset/splits/train/slice_9_mask_024.npy,0.004367828369140625,421.8597412109375,615933.4955752213,3588708.228413441,0.3632316589355469
9,025,og_dataset/splits/train/slice_9_img_025.npy,og_dataset/splits/train/slice_9_mask_025.npy,0.0,407.05810546875,631115.4424778761,3588708.228413441,0.23584747314453125
9,037,og_dataset/splits/train/slice_9_img_037.npy,og_dataset/splits/train/slice_9_mask_037.npy,0.001728057861328125,371.4739074707031,585569.6017699115,3603890.3806890687,0.23870468139648438
9,038,og_dataset/splits/train/slice_9_img_038.npy,og_dataset/splits/train/slice_9_mask_038.npy,0.033573150634765625,442.9219970703125,600751.5486725664,3603890.3806890687,0.7296104431152344
9,040,og_dataset/splits/train/slice_9_img_040.npy,og_dataset/splits/train/slice_9_mask_040.npy,0.02550506591796875,412.2462158203125,631115.4424778761,3603890.3806890687,0.25499725341796875
9,053,og_dataset/splits/train/slice_9_img_053.npy,og_dataset/splits/train/slice_9_mask_053.npy,0.0432586669921875,414.3674621582031,600751.5486725664,3619072.5329646957,0.5974273681640625
9,054,og_dataset/splits/train/slice_9_img_054.npy,og_dataset/splits/train/slice_9_mask_054.npy,0.08803558349609375,464.0858154296875,615933.4955752213,3619072.5329646957,0.893310546875
9,055,og_dataset/splits/train/slice_9_img_055.npy,og_dataset/splits/train/slice_9_mask_055.npy,0.08243942260742188,426.2964172363281,631115.4424778761,3619072.5329646957,0.5311698913574219
9,068,og_dataset/splits/train/slice_9_img_068.npy,og_dataset/splits/train/slice_9_mask_068.npy,0.08518600463867188,390.7975769042969,600751.5486725664,3634254.685240323,0.5236701965332031
9,069,og_dataset/splits/train/slice_9_img_069.npy,og_dataset/splits/train/slice_9_mask_069.npy,0.03731536865234375,404.89239501953125,615933.4955752213,3634254.685240323,0.40479278564453125
9,070,og_dataset/splits/train/slice_9_img_070.npy,og_dataset/splits/train/slice_9_mask_070.npy,0.013965606689453125,419.9989318847656,631115.4424778761,3634254.685240323,0.5311546325683594
9,072,og_dataset/splits/train/slice_9_img_072.npy,og_dataset/splits/train/slice_9_mask_072.npy,0.000354766845703125,405.8771057128906,661479.3362831859,3634254.685240323,0.21430587768554688
9,087,og_dataset/splits/train/slice_9_img_087.npy,og_dataset/splits/train/slice_9_mask_087.npy,0.013427734375,464.25201416015625,661479.3362831859,3649436.8375159507,0.765411376953125
9,100,og_dataset/splits/train/slice_9_img_100.npy,og_dataset/splits/train/slice_9_mask_100.npy,0.0041656494140625,384.36163330078125,631115.4424778761,3664618.989791578,0.225860595703125
9,101,og_dataset/splits/train/slice_9_img_101.npy,og_dataset/splits/train/slice_9_mask_101.npy,0.034244537353515625,407.2977294921875,646297.3893805309,3664618.989791578,0.3667640686035156
9,102,og_dataset/splits/train/slice_9_img_102.npy,og_dataset/splits/train/slice_9_mask_102.npy,0.054203033447265625,463.3172912597656,661479.3362831859,3664618.989791578,0.9279136657714844
9,103,og_dataset/splits/train/slice_9_img_103.npy,og_dataset/splits/train/slice_9_mask_103.npy,0.007495880126953125,446.7415466308594,676661.2831858407,3664618.989791578,0.4236946105957031
9,116,og_dataset/splits/train/slice_9_img_116.npy,og_dataset/splits/train/slice_9_mask_116.npy,0.006069183349609375,399.0658874511719,646297.3893805309,3679801.1420672056,0.2775764465332031
9,117,og_dataset/splits/train/slice_9_img_117.npy,og_dataset/splits/train/slice_9_mask_117.npy,0.055896759033203125,425.5221252441406,661479.3362831859,3679801.1420672056,0.4403877258300781
9,118,og_dataset/splits/train/slice_9_img_118.npy,og_dataset/splits/train/slice_9_mask_118.npy,0.03093719482421875,462.9015808105469,676661.2831858407,3679801.1420672056,0.8156661987304688
9,177,og_dataset/splits/train/slice_9_img_177.npy,og_dataset/splits/train/slice_9_mask_177.npy,0.0390472412109375,379.4899597167969,661479.3362831859,3740529.751169715,0.25611114501953125
10,133,og_dataset/splits/train/slice_10_img_133.npy,og_dataset/splits/train/slice_10_mask_133.npy,0.0010528564453125,477.92498779296875,366970.6066475072,4171442.7482806053,0.20716094970703125
10,146,og_dataset/splits/train/slice_10_img_146.npy,og_dataset/splits/train/slice_10_mask_146.npy,0.004093170166015625,499.0562438964844,336606.8130700987,4186624.836313618,0.4937019348144531
10,147,og_dataset/splits/train/slice_10_img_147.npy,og_dataset/splits/train/slice_10_mask_147.npy,0.00170135498046875,513.134521484375,351788.70985880296,4186624.836313618,0.7558517456054688
10,161,og_dataset/splits/train/slice_10_img_161.npy,og_dataset/splits/train/slice_10_mask_161.npy,0.003818511962890625,485.7940673828125,336606.8130700987,4201806.9243466295,0.5642509460449219
10,176,og_dataset/splits/train/slice_10_img_176.npy,og_dataset/splits/train/slice_10_mask_176.npy,0.00438690185546875,463.5416564941406,336606.8130700987,4216989.012379643,0.285400390625
10,185,og_dataset/splits/train/slice_10_img_185.npy,og_dataset/splits/train/slice_10_mask_185.npy,0.0221405029296875,455.1159973144531,245515.4323378733,4232171.100412655,0.28670501708984375
10,186,og_dataset/splits/train/slice_10_img_186.npy,og_dataset/splits/train/slice_10_mask_186.npy,0.039157867431640625,497.6885986328125,260697.32912657753,4232171.100412655,0.8047065734863281
10,192,og_dataset/splits/train/slice_10_img_192.npy,og_dataset/splits/train/slice_10_mask_192.npy,0.007495880126953125,446.3145751953125,351788.70985880296,4232171.100412655,0.5906715393066406
10,205,og_dataset/splits/train/slice_10_img_205.npy,og_dataset/splits/train/slice_10_mask_205.npy,0.023685455322265625,442.2333984375,321424.9162813944,4247353.188445667,0.3645591735839844
10,206,og_dataset/splits/train/slice_10_img_206.npy,og_dataset/splits/train/slice_10_mask_206.npy,0.038585662841796875,471.0612487792969,336606.8130700987,4247353.188445667,0.4389152526855469
11,051,og_dataset/splits/train/slice_11_img_051.npy,og_dataset/splits/train/slice_11_mask_051.npy,0.053462982177734375,401.4485168457031,613857.7480620155,2983612.5997711346,0.6201362609863281
11,054,og_dataset/splits/train/slice_11_img_054.npy,og_dataset/splits/train/slice_11_mask_054.npy,0.008045196533203125,424.61553955078125,659403.6317829457,2983612.5997711346,0.22820663452148438
11,055,og_dataset/splits/train/slice_11_img_055.npy,og_dataset/splits/train/slice_11_mask_055.npy,0.01214599609375,394.3859558105469,674585.5930232558,2983612.5997711346,0.28545379638671875
11,064,og_dataset/splits/train/slice_11_img_064.npy,og_dataset/splits/train/slice_11_mask_064.npy,0.0117645263671875,418.62744140625,583493.8255813954,2998794.771134316,0.295074462890625
11,065,og_dataset/splits/train/slice_11_img_065.npy,og_dataset/splits/train/slice_11_mask_065.npy,0.074859619140625,449.7825012207031,598675.7868217054,2998794.771134316,0.4324951171875
11,066,og_dataset/splits/train/slice_11_img_066.npy,og_dataset/splits/train/slice_11_mask_066.npy,0.09011459350585938,519.870849609375,613857.7480620155,2998794.771134316,1.1434822082519531
11,067,og_dataset/splits/train/slice_11_img_067.npy,og_dataset/splits/train/slice_11_mask_067.npy,0.07849884033203125,468.82904052734375,629039.7093023256,2998794.771134316,0.5714263916015625
11,082,og_dataset/splits/train/slice_11_img_082.npy,og_dataset/splits/train/slice_11_mask_082.npy,0.008861541748046875,368.1868896484375,629039.7093023256,3013976.9424974965,0.24168014526367188
12,091,og_dataset/splits/train/slice_12_img_091.npy,og_dataset/splits/train/slice_12_mask_091.npy,0.0,488.8077392578125,564707.9380645162,3983819.0435525193,0.6753158569335938
12,107,og_dataset/splits/train/slice_12_img_107.npy,og_dataset/splits/train/slice_12_mask_107.npy,0.03177642822265625,493.3235168457031,579889.8967741935,3999001.204099061,1.0918350219726562
12,108,og_dataset/splits/train/slice_12_img_108.npy,og_dataset/splits/train/slice_12_mask_108.npy,0.04996490478515625,248.56072998046875,595071.855483871,3999001.204099061,0.382568359375
12,121,og_dataset/splits/train/slice_12_img_121.npy,og_dataset/splits/train/slice_12_mask_121.npy,0.12204360961914062,491.7909851074219,564707.9380645162,4014183.364645602,0.8041419982910156
12,124,og_dataset/splits/train/slice_12_img_124.npy,og_dataset/splits/train/slice_12_mask_124.npy,0.018585205078125,159.9045867919922,610253.8141935484,4014183.364645602,0.20412445068359375
12,125,og_dataset/splits/train/slice_12_img_125.npy,og_dataset/splits/train/slice_12_mask_125.npy,0.021793365478515625,281.99627685546875,625435.7729032257,4014183.364645602,0.4697074890136719
12,126,og_dataset/splits/train/slice_12_img_126.npy,og_dataset/splits/train/slice_12_mask_126.npy,0.0235137939453125,239.92750549316406,640617.7316129032,4014183.364645602,0.4675140380859375
12,136,og_dataset/splits/train/slice_12_img_136.npy,og_dataset/splits/train/slice_12_mask_136.npy,0.00406646728515625,433.6562805175781,564707.9380645162,4029365.5251921434,0.24697113037109375
12,137,og_dataset/splits/train/slice_12_img_137.npy,og_dataset/splits/train/slice_12_mask_137.npy,0.0707550048828125,406.5391540527344,579889.8967741935,4029365.5251921434,0.14150238037109375
12,138,og_dataset/splits/train/slice_12_img_138.npy,og_dataset/splits/train/slice_12_mask_138.npy,0.0053253173828125,452.1701354980469,595071.855483871,4029365.5251921434,0.34665679931640625
12,139,og_dataset/splits/train/slice_12_img_139.npy,og_dataset/splits/train/slice_12_mask_139.npy,0.17956161499023438,454.7733459472656,610253.8141935484,4029365.5251921434,0.4328269958496094
12,140,og_dataset/splits/train/slice_12_img_140.npy,og_dataset/splits/train/slice_12_mask_140.npy,0.18579483032226562,512.77734375,625435.7729032257,4029365.5251921434,0.7820167541503906
12,141,og_dataset/splits/train/slice_12_img_141.npy,og_dataset/splits/train/slice_12_mask_141.npy,0.14162826538085938,489.8325500488281,640617.7316129032,4029365.5251921434,0.8046989440917969
12,142,og_dataset/splits/train/slice_12_img_142.npy,og_dataset/splits/train/slice_12_mask_142.npy,0.003040313720703125,218.008544921875,655799.6903225806,4029365.5251921434,0.6327857971191406
12,152,og_dataset/splits/train/slice_12_img_152.npy,og_dataset/splits/train/slice_12_mask_152.npy,0.020816802978515625,503.95867919921875,579889.8967741935,4044547.6857386846,0.4885139465332031
12,153,og_dataset/splits/train/slice_12_img_153.npy,og_dataset/splits/train/slice_12_mask_153.npy,0.0219268798828125,479.4559020996094,595071.855483871,4044547.6857386846,0.24272918701171875
12,154,og_dataset/splits/train/slice_12_img_154.npy,og_dataset/splits/train/slice_12_mask_154.npy,0.0605010986328125,540.295166015625,610253.8141935484,4044547.6857386846,0.7924270629882812
12,155,og_dataset/splits/train/slice_12_img_155.npy,og_dataset/splits/train/slice_12_mask_155.npy,0.07933425903320312,485.8533935546875,625435.7729032257,4044547.6857386846,0.5661277770996094
12,156,og_dataset/splits/train/slice_12_img_156.npy,og_dataset/splits/train/slice_12_mask_156.npy,0.08190536499023438,554.7244262695312,640617.7316129032,4044547.6857386846,1.0428047180175781
12,157,og_dataset/splits/train/slice_12_img_157.npy,og_dataset/splits/train/slice_12_mask_157.npy,0.06837844848632812,552.0526733398438,655799.6903225806,4044547.6857386846,1.2180213928222656
12,158,og_dataset/splits/train/slice_12_img_158.npy,og_dataset/splits/train/slice_12_mask_158.npy,0.0,78.36693572998047,670981.6490322581,4044547.6857386846,0.2540740966796875
12,169,og_dataset/splits/train/slice_12_img_169.npy,og_dataset/splits/train/slice_12_mask_169.npy,0.0462646484375,518.3161010742188,610253.8141935484,4059729.8462852263,0.5870590209960938
12,171,og_dataset/splits/train/slice_12_img_171.npy,og_dataset/splits/train/slice_12_mask_171.npy,0.05164337158203125,528.132080078125,640617.7316129032,4059729.8462852263,0.86175537109375
12,172,og_dataset/splits/train/slice_12_img_172.npy,og_dataset/splits/train/slice_12_mask_172.npy,0.11140823364257812,483.0475769042969,655799.6903225806,4059729.8462852263,0.7432746887207031
12,173,og_dataset/splits/train/slice_12_img_173.npy,og_dataset/splits/train/slice_12_mask_173.npy,0.004547119140625,318.89093017578125,670981.6490322581,4059729.8462852263,0.8390884399414062
12,186,og_dataset/splits/train/slice_12_img_186.npy,og_dataset/splits/train/slice_12_mask_186.npy,0.008884429931640625,450.92242431640625,640617.7316129032,4074912.0068317675,0.3188972473144531
12,188,og_dataset/splits/train/slice_12_img_188.npy,og_dataset/splits/train/slice_12_mask_188.npy,0.06373214721679688,482.7746276855469,670981.6490322581,4074912.0068317675,0.6973838806152344
12,192,og_dataset/splits/train/slice_12_img_192.npy,og_dataset/splits/train/slice_12_mask_192.npy,0.007999420166015625,513.8768920898438,731709.4838709678,4074912.0068317675,0.8877830505371094
13,033,og_dataset/splits/train/slice_13_img_033.npy,og_dataset/splits/train/slice_13_mask_033.npy,0.01425933837890625,274.6179504394531,279141.76212294766,2966960.330804888,0.3089141845703125
14,005,og_dataset/splits/train/slice_14_img_005.npy,og_dataset/splits/train/slice_14_mask_005.npy,0.00579833984375,428.5227355957031,589555.7451737451,3733366.0788912578,0.28412628173828125
14,006,og_dataset/splits/train/slice_14_img_006.npy,og_dataset/splits/train/slice_14_mask_006.npy,0.0153045654296875,400.87738037109375,604737.6988416989,3733366.0788912578,0.25772857666015625
14,021,og_dataset/splits/train/slice_14_img_021.npy,og_dataset/splits/train/slice_14_mask_021.npy,0.006267547607421875,472.66351318359375,604737.6988416989,3748548.2366737737,0.21651077270507812
14,022,og_dataset/splits/train/slice_14_img_022.npy,og_dataset/splits/train/slice_14_mask_022.npy,0.025615692138671875,461.2460632324219,619919.6525096525,3748548.2366737737,0.19118881225585938
14,023,og_dataset/splits/train/slice_14_img_023.npy,og_dataset/splits/train/slice_14_mask_023.npy,0.0129852294921875,491.95281982421875,635101.6061776062,3748548.2366737737,0.5617218017578125
14,024,og_dataset/splits/train/slice_14_img_024.npy,og_dataset/splits/train/slice_14_mask_024.npy,0.02707672119140625,460.49798583984375,650283.5598455598,3748548.2366737737,0.4070281982421875
14,025,og_dataset/splits/train/slice_14_img_025.npy,og_dataset/splits/train/slice_14_mask_025.npy,0.039035797119140625,462.4109802246094,665465.5135135135,3748548.2366737737,0.5350074768066406
14,040,og_dataset/splits/train/slice_14_img_040.npy,og_dataset/splits/train/slice_14_mask_040.npy,0.04141998291015625,473.50738525390625,665465.5135135135,3763730.3944562897,0.407196044921875
14,043,og_dataset/splits/train/slice_14_img_043.npy,og_dataset/splits/train/slice_14_mask_043.npy,0.022670745849609375,403.3730773925781,711011.3745173744,3763730.3944562897,0.5322532653808594
14,044,og_dataset/splits/train/slice_14_img_044.npy,og_dataset/splits/train/slice_14_mask_044.npy,0.0121917724609375,530.5968627929688,726193.3281853283,3763730.3944562897,1.1863250732421875
14,054,og_dataset/splits/train/slice_14_img_054.npy,og_dataset/splits/train/slice_14_mask_054.npy,0.016063690185546875,495.4648742675781,650283.5598455598,3778912.552238806,0.20712661743164062
14,055,og_dataset/splits/train/slice_14_img_055.npy,og_dataset/splits/train/slice_14_mask_055.npy,0.004001617431640625,494.79150390625,665465.5135135135,3778912.552238806,0.2574729919433594
14,057,og_dataset/splits/train/slice_14_img_057.npy,og_dataset/splits/train/slice_14_mask_057.npy,0.024059295654296875,506.1381530761719,695829.4208494208,3778912.552238806,0.7959785461425781
14,059,og_dataset/splits/train/slice_14_img_059.npy,og_dataset/splits/train/slice_14_mask_059.npy,0.0,483.1307067871094,726193.3281853283,3778912.552238806,0.6380844116210938
14,071,og_dataset/splits/train/slice_14_img_071.npy,og_dataset/splits/train/slice_14_mask_071.npy,0.028896331787109375,523.3714599609375,680647.4671814672,3794094.7100213217,0.3815116882324219
14,073,og_dataset/splits/train/slice_14_img_073.npy,og_dataset/splits/train/slice_14_mask_073.npy,0.0224151611328125,518.6015014648438,711011.3745173744,3794094.7100213217,0.5390243530273438
14,088,og_dataset/splits/train/slice_14_img_088.npy,og_dataset/splits/train/slice_14_mask_088.npy,0.00565338134765625,521.9902954101562,711011.3745173744,3809276.867803838,0.41902923583984375
14,101,og_dataset/splits/train/slice_14_img_101.npy,og_dataset/splits/train/slice_14_mask_101.npy,0.0045013427734375,511.92950439453125,680647.4671814672,3824459.0255863536,0.2089385986328125
14,116,og_dataset/splits/train/slice_14_img_116.npy,og_dataset/splits/train/slice_14_mask_116.npy,0.0,542.6234130859375,680647.4671814672,3839641.18336887,0.22849273681640625
14,121,og_dataset/splits/train/slice_14_img_121.npy,og_dataset/splits/train/slice_14_mask_121.npy,0.0,454.27886962890625,528827.9305019305,3854823.3411513856,0.21959686279296875
14,122,og_dataset/splits/train/slice_14_img_122.npy,og_dataset/splits/train/slice_14_mask_122.npy,0.013591766357421875,484.2586364746094,544009.8841698841,3854823.3411513856,0.19369125366210938
14,132,og_dataset/splits/train/slice_14_img_132.npy,og_dataset/splits/train/slice_14_mask_132.npy,0.0,530.8277587890625,695829.4208494208,3854823.3411513856,0.2104339599609375
14,138,og_dataset/splits/train/slice_14_img_138.npy,og_dataset/splits/train/slice_14_mask_138.npy,0.004932403564453125,487.8487854003906,559191.8378378379,3870005.4989339015,0.5514945983886719
14,154,og_dataset/splits/train/slice_14_img_154.npy,og_dataset/splits/train/slice_14_mask_154.npy,0.01506805419921875,501.3856201171875,574373.7915057915,3885187.6567164175,0.349639892578125
14,156,og_dataset/splits/train/slice_14_img_156.npy,og_dataset/splits/train/slice_14_mask_156.npy,0.006496429443359375,505.8231201171875,604737.6988416989,3885187.6567164175,0.19390487670898438
14,169,og_dataset/splits/train/slice_14_img_169.npy,og_dataset/splits/train/slice_14_mask_169.npy,0.01865386962890625,493.77838134765625,574373.7915057915,3900369.814498934,0.5556640625
14,170,og_dataset/splits/train/slice_14_img_170.npy,og_dataset/splits/train/slice_14_mask_170.npy,0.00223541259765625,510.85992431640625,589555.7451737451,3900369.814498934,0.7807235717773438
14,171,og_dataset/splits/train/slice_14_img_171.npy,og_dataset/splits/train/slice_14_mask_171.npy,0.00746917724609375,520.0603637695312,604737.6988416989,3900369.814498934,0.67230224609375
14,173,og_dataset/splits/train/slice_14_img_173.npy,og_dataset/splits/train/slice_14_mask_173.npy,0.0,513.6854248046875,635101.6061776062,3900369.814498934,0.24494171142578125
14,185,og_dataset/splits/train/slice_14_img_185.npy,og_dataset/splits/train/slice_14_mask_185.npy,0.00485992431640625,436.1949157714844,589555.7451737451,3915551.9722814495,0.34026336669921875
14,186,og_dataset/splits/train/slice_14_img_186.npy,og_dataset/splits/train/slice_14_mask_186.npy,0.017772674560546875,487.7361145019531,604737.6988416989,3915551.9722814495,0.6724662780761719
14,187,og_dataset/splits/train/slice_14_img_187.npy,og_dataset/splits/train/slice_14_mask_187.npy,0.027667999267578125,513.4542846679688,619919.6525096525,3915551.9722814495,0.3728828430175781
14,188,og_dataset/splits/train/slice_14_img_188.npy,og_dataset/splits/train/slice_14_mask_188.npy,0.0,529.8782348632812,635101.6061776062,3915551.9722814495,0.40549468994140625
15,018,og_dataset/splits/train/slice_15_img_018.npy,og_dataset/splits/train/slice_15_mask_018.npy,0.0192413330078125,445.89984130859375,320961.7604020868,3270408.207494013,0.39801025390625
15,019,og_dataset/splits/train/slice_15_img_019.npy,og_dataset/splits/train/slice_15_mask_019.npy,0.026454925537109375,432.0945739746094,336143.69194554014,3270408.207494013,0.3263664245605469
15,033,og_dataset/splits/train/slice_15_img_033.npy,og_dataset/splits/train/slice_15_mask_033.npy,0.1156768798828125,446.2848815917969,320961.7604020868,3285590.3458233555,0.43321990966796875
15,034,og_dataset/splits/train/slice_15_img_034.npy,og_dataset/splits/train/slice_15_mask_034.npy,0.04615020751953125,504.41949462890625,336143.69194554014,3285590.3458233555,0.958404541015625
15,035,og_dataset/splits/train/slice_15_img_035.npy,og_dataset/splits/train/slice_15_mask_035.npy,0.037723541259765625,434.81390380859375,351325.6234889935,3285590.3458233555,0.22617721557617188
15,036,og_dataset/splits/train/slice_15_img_036.npy,og_dataset/splits/train/slice_15_mask_036.npy,0.045154571533203125,345.3642272949219,366507.55503244686,3285590.3458233555,0.6085777282714844
15,037,og_dataset/splits/train/slice_15_img_037.npy,og_dataset/splits/train/slice_15_mask_037.npy,0.065704345703125,354.3721618652344,381689.4865759002,3285590.3458233555,0.220428466796875
15,049,og_dataset/splits/train/slice_15_img_049.npy,og_dataset/splits/train/slice_15_mask_049.npy,0.078460693359375,477.28912353515625,336143.69194554014,3300772.4841526975,0.8159103393554688
15,051,og_dataset/splits/train/slice_15_img_051.npy,og_dataset/splits/train/slice_15_mask_051.npy,0.07635879516601562,448.6751708984375,366507.55503244686,3300772.4841526975,0.6274070739746094
15,052,og_dataset/splits/train/slice_15_img_052.npy,og_dataset/splits/train/slice_15_mask_052.npy,0.042919158935546875,410.9111328125,381689.4865759002,3300772.4841526975,0.2998847961425781
15,064,og_dataset/splits/train/slice_15_img_064.npy,og_dataset/splits/train/slice_15_mask_064.npy,0.0083160400390625,397.2603759765625,336143.69194554014,3315954.62248204,0.404876708984375
15,083,og_dataset/splits/train/slice_15_img_083.npy,og_dataset/splits/train/slice_15_mask_083.npy,0.08524703979492188,460.3410339355469,396871.4181193536,3331136.760811382,0.5345954895019531
15,084,og_dataset/splits/train/slice_15_img_084.npy,og_dataset/splits/train/slice_15_mask_084.npy,0.06372833251953125,460.6790466308594,412053.34966280696,3331136.760811382,0.6787261962890625
15,085,og_dataset/splits/train/slice_15_img_085.npy,og_dataset/splits/train/slice_15_mask_085.npy,0.026775360107421875,362.1074523925781,427235.2812062603,3331136.760811382,0.23633193969726562
15,098,og_dataset/splits/train/slice_15_img_098.npy,og_dataset/splits/train/slice_15_mask_098.npy,0.06439208984375,437.8226623535156,396871.4181193536,3346318.899140724,0.33899688720703125
15,099,og_dataset/splits/train/slice_15_img_099.npy,og_dataset/splits/train/slice_15_mask_099.npy,0.035190582275390625,419.8705139160156,412053.34966280696,3346318.899140724,0.23991775512695312
15,100,og_dataset/splits/train/slice_15_img_100.npy,og_dataset/splits/train/slice_15_mask_100.npy,0.015712738037109375,424.4588928222656,427235.2812062603,3346318.899140724,0.3668708801269531
15,101,og_dataset/splits/train/slice_15_img_101.npy,og_dataset/splits/train/slice_15_mask_101.npy,0.054935455322265625,420.5282287597656,442417.2127497137,3346318.899140724,0.20487594604492188
15,118,og_dataset/splits/train/slice_15_img_118.npy,og_dataset/splits/train/slice_15_mask_118.npy,0.02324676513671875,401.5332336425781,472781.0758366204,3361501.037470066,0.24001312255859375
16,002,og_dataset/splits/train/slice_16_img_002.npy,og_dataset/splits/train/slice_16_mask_002.npy,0.0,359.2398681640625,438199.8461243775,3889846.066011236,0.26204681396484375
16,003,og_dataset/splits/train/slice_16_img_003.npy,og_dataset/splits/train/slice_16_mask_003.npy,0.0,440.5447998046875,453381.78457412845,3889846.066011236,0.35638427734375
16,004,og_dataset/splits/train/slice_16_img_004.npy,og_dataset/splits/train/slice_16_mask_004.npy,0.0,411.12408447265625,468563.72302387946,3889846.066011236,0.22084808349609375
16,022,og_dataset/splits/train/slice_16_img_022.npy,og_dataset/splits/train/slice_16_mask_022.npy,0.0,452.5160827636719,514109.5383731324,3905028.198033708,0.2634429931640625
16,023,og_dataset/splits/train/slice_16_img_023.npy,og_dataset/splits/train/slice_16_mask_023.npy,2.288818359375e-05,432.4053955078125,529291.4768228835,3905028.198033708,0.250396728515625
16,033,og_dataset/splits/train/slice_16_img_033.npy,og_dataset/splits/train/slice_16_mask_033.npy,0.09059524536132812,491.76031494140625,453381.78457412845,3920210.33005618,0.5994529724121094
16,036,og_dataset/splits/train/slice_16_img_036.npy,og_dataset/splits/train/slice_16_mask_036.npy,0.007450103759765625,450.0163879394531,498927.59992338135,3920210.33005618,0.24946212768554688
16,039,og_dataset/splits/train/slice_16_img_039.npy,og_dataset/splits/train/slice_16_mask_039.npy,0.0,479.9209899902344,544473.4152726345,3920210.33005618,0.4320831298828125
16,048,og_dataset/splits/train/slice_16_img_048.npy,og_dataset/splits/train/slice_16_mask_048.npy,0.050624847412109375,506.2818298339844,453381.78457412845,3935392.462078652,0.9057655334472656
16,049,og_dataset/splits/train/slice_16_img_049.npy,og_dataset/splits/train/slice_16_mask_049.npy,0.105377197265625,447.7425537109375,468563.72302387946,3935392.462078652,0.8806915283203125
16,050,og_dataset/splits/train/slice_16_img_050.npy,og_dataset/splits/train/slice_16_mask_050.npy,0.07539749145507812,335.0712890625,483745.6614736304,3935392.462078652,0.19068527221679688
16,053,og_dataset/splits/train/slice_16_img_053.npy,og_dataset/splits/train/slice_16_mask_053.npy,0.0,460.55572509765625,529291.4768228835,3935392.462078652,0.25787353515625
16,054,og_dataset/splits/train/slice_16_img_054.npy,og_dataset/splits/train/slice_16_mask_054.npy,0.0,467.7669982910156,544473.4152726345,3935392.462078652,0.375091552734375
16,063,og_dataset/splits/train/slice_16_img_063.npy,og_dataset/splits/train/slice_16_mask_063.npy,0.06794357299804688,438.02587890625,453381.78457412845,3950574.5941011235,0.4259452819824219
16,065,og_dataset/splits/train/slice_16_img_065.npy,og_dataset/splits/train/slice_16_mask_065.npy,0.023258209228515625,359.23052978515625,483745.6614736304,3950574.5941011235,0.23781967163085938
16,066,og_dataset/splits/train/slice_16_img_066.npy,og_dataset/splits/train/slice_16_mask_066.npy,0.04294586181640625,438.6940612792969,498927.59992338135,3950574.5941011235,0.2129974365234375
16,081,og_dataset/splits/train/slice_16_img_081.npy,og_dataset/splits/train/slice_16_mask_081.npy,0.023426055908203125,464.1665344238281,498927.59992338135,3965756.7261235956,0.3657264709472656
16,083,og_dataset/splits/train/slice_16_img_083.npy,og_dataset/splits/train/slice_16_mask_083.npy,0.013397216796875,534.3245849609375,529291.4768228835,3965756.7261235956,0.934814453125
16,084,og_dataset/splits/train/slice_16_img_084.npy,og_dataset/splits/train/slice_16_mask_084.npy,0.08414459228515625,457.43511962890625,544473.4152726345,3965756.7261235956,0.43592071533203125
16,085,og_dataset/splits/train/slice_16_img_085.npy,og_dataset/splits/train/slice_16_mask_085.npy,0.06953048706054688,485.7608947753906,559655.3537223854,3965756.7261235956,0.4258232116699219
16,095,og_dataset/splits/train/slice_16_img_095.npy,og_dataset/splits/train/slice_16_mask_095.npy,0.0460357666015625,435.9029541015625,483745.6614736304,3980938.8581460677,0.8033981323242188
16,096,og_dataset/splits/train/slice_16_img_096.npy,og_dataset/splits/train/slice_16_mask_096.npy,0.059513092041015625,432.06201171875,498927.59992338135,3980938.8581460677,0.2770652770996094
16,097,og_dataset/splits/train/slice_16_img_097.npy,og_dataset/splits/train/slice_16_mask_097.npy,0.19614028930664062,431.39910888671875,514109.5383731324,3980938.8581460677,0.4471931457519531
16,099,og_dataset/splits/train/slice_16_img_099.npy,og_dataset/splits/train/slice_16_mask_099.npy,0.012546539306640625,533.2054443359375,544473.4152726345,3980938.8581460677,1.2524223327636719
16,100,og_dataset/splits/train/slice_16_img_100.npy,og_dataset/splits/train/slice_16_mask_100.npy,0.0,557.1590576171875,559655.3537223854,3980938.8581460677,1.475616455078125
16,111,og_dataset/splits/train/slice_16_img_111.npy,og_dataset/splits/train/slice_16_mask_111.npy,0.058902740478515625,510.19366455078125,498927.59992338135,3996120.9901685393,1.1060104370117188
16,113,og_dataset/splits/train/slice_16_img_113.npy,og_dataset/splits/train/slice_16_mask_113.npy,0.0677947998046875,443.3823547363281,529291.4768228835,3996120.9901685393,0.5142059326171875
16,114,og_dataset/splits/train/slice_16_img_114.npy,og_dataset/splits/train/slice_16_mask_114.npy,0.06638717651367188,467.1684875488281,544473.4152726345,3996120.9901685393,0.9182548522949219
16,116,og_dataset/splits/train/slice_16_img_116.npy,og_dataset/splits/train/slice_16_mask_116.npy,0.019725799560546875,527.3880615234375,574837.2921721364,3996120.9901685393,1.2306709289550781
16,117,og_dataset/splits/train/slice_16_img_117.npy,og_dataset/splits/train/slice_16_mask_117.npy,0.06365203857421875,320.1081848144531,590019.2306218874,3996120.9901685393,0.5788803100585938
16,125,og_dataset/splits/train/slice_16_img_125.npy,og_dataset/splits/train/slice_16_mask_125.npy,0.0210113525390625,349.28643798828125,483745.6614736304,4011303.122191011,0.1920318603515625
16,127,og_dataset/splits/train/slice_16_img_127.npy,og_dataset/splits/train/slice_16_mask_127.npy,0.11523056030273438,431.7332458496094,514109.5383731324,4011303.122191011,0.5744972229003906
16,128,og_dataset/splits/train/slice_16_img_128.npy,og_dataset/splits/train/slice_16_mask_128.npy,0.042209625244140625,375.5633850097656,529291.4768228835,4011303.122191011,0.24570083618164062
16,129,og_dataset/splits/train/slice_16_img_129.npy,og_dataset/splits/train/slice_16_mask_129.npy,0.08067703247070312,440.9541015625,544473.4152726345,4011303.122191011,0.5185928344726562
16,130,og_dataset/splits/train/slice_16_img_130.npy,og_dataset/splits/train/slice_16_mask_130.npy,0.0966644287109375,453.44708251953125,559655.3537223854,4011303.122191011,0.6857986450195312
16,146,og_dataset/splits/train/slice_16_img_146.npy,og_dataset/splits/train/slice_16_mask_146.npy,0.07081985473632812,377.22015380859375,574837.2921721364,4026485.254213483,0.24496078491210938
16,147,og_dataset/splits/train/slice_16_img_147.npy,og_dataset/splits/train/slice_16_mask_147.npy,0.004283905029296875,398.00225830078125,590019.2306218874,4026485.254213483,0.22320938110351562
16,148,og_dataset/splits/train/slice_16_img_148.npy,og_dataset/splits/train/slice_16_mask_148.npy,0.0283660888671875,372.7114562988281,605201.1690716384,4026485.254213483,0.20066070556640625
16,160,og_dataset/splits/train/slice_16_img_160.npy,og_dataset/splits/train/slice_16_mask_160.npy,4.1961669921875e-05,362.06494140625,559655.3537223854,4041667.386235955,0.2745552062988281
16,161,og_dataset/splits/train/slice_16_img_161.npy,og_dataset/splits/train/slice_16_mask_161.npy,0.016963958740234375,426.6527099609375,574837.2921721364,4041667.386235955,0.3559379577636719
16,162,og_dataset/splits/train/slice_16_img_162.npy,og_dataset/splits/train/slice_16_mask_162.npy,0.02382659912109375,449.8951721191406,590019.2306218874,4041667.386235955,0.44487762451171875
16,172,og_dataset/splits/train/slice_16_img_172.npy,og_dataset/splits/train/slice_16_mask_172.npy,0.002593994140625,442.9341735839844,514109.5383731324,4056849.5182584273,0.44318389892578125
16,177,og_dataset/splits/train/slice_16_img_177.npy,og_dataset/splits/train/slice_16_mask_177.npy,0.015125274658203125,431.89312744140625,590019.2306218874,4056849.5182584273,0.3278923034667969
16,184,og_dataset/splits/train/slice_16_img_184.npy,og_dataset/splits/train/slice_16_mask_184.npy,0.0190277099609375,410.0509033203125,468563.72302387946,4072031.650280899,0.3512115478515625
16,187,og_dataset/splits/train/slice_16_img_187.npy,og_dataset/splits/train/slice_16_mask_187.npy,0.0,431.4648132324219,514109.5383731324,4072031.650280899,0.2523040771484375
20,024,og_dataset/splits/train/slice_20_img_024.npy,og_dataset/splits/train/slice_20_mask_024.npy,0.01793670654296875,392.2327880859375,260913.17162298388,3271338.160305343,0.3243560791015625
20,042,og_dataset/splits/train/slice_20_img_042.npy,og_dataset/splits/train/slice_20_mask_042.npy,0.042903900146484375,402.86529541015625,306458.91003024194,3286520.267175572,0.19134902954101562
20,043,og_dataset/splits/train/slice_20_img_043.npy,og_dataset/splits/train/slice_20_mask_043.npy,0.08535385131835938,462.36810302734375,321640.82283266133,3286520.267175572,0.5981025695800781
20,044,og_dataset/splits/train/slice_20_img_044.npy,og_dataset/splits/train/slice_20_mask_044.npy,0.0347442626953125,482.3132629394531,336822.73563508067,3286520.267175572,0.7826004028320312
20,056,og_dataset/splits/train/slice_20_img_056.npy,og_dataset/splits/train/slice_20_mask_056.npy,0.0,410.0527038574219,291276.99722782255,3301702.3740458013,0.497222900390625
20,057,og_dataset/splits/train/slice_20_img_057.npy,og_dataset/splits/train/slice_20_mask_057.npy,0.030841827392578125,454.2813415527344,306458.91003024194,3301702.3740458013,0.8200874328613281
20,058,og_dataset/splits/train/slice_20_img_058.npy,og_dataset/splits/train/slice_20_mask_058.npy,0.12908172607421875,466.7730407714844,321640.82283266133,3301702.3740458013,0.7252044677734375
20,059,og_dataset/splits/train/slice_20_img_059.npy,og_dataset/splits/train/slice_20_mask_059.npy,0.0626678466796875,489.1636962890625,336822.73563508067,3301702.3740458013,0.740631103515625
20,074,og_dataset/splits/train/slice_20_img_074.npy,og_dataset/splits/train/slice_20_mask_074.npy,0.022136688232421875,416.1160583496094,336822.73563508067,3316884.4809160302,0.4907875061035156
21,123,og_dataset/splits/train/slice_21_img_123.npy,og_dataset/splits/train/slice_21_mask_123.npy,0.0,477.92523193359375,285171.7117230925,3852782.9307948863,0.3701019287109375
21,153,og_dataset/splits/train/slice_21_img_153.npy,og_dataset/splits/train/slice_21_mask_153.npy,0.0,476.14208984375,285171.7117230925,3883147.1498054476,0.3604583740234375
21,154,og_dataset/splits/train/slice_21_img_154.npy,og_dataset/splits/train/slice_21_mask_154.npy,0.0,279.67889404296875,300353.62935826177,3883147.1498054476,0.21994781494140625
22,036,og_dataset/splits/train/slice_22_img_036.npy,og_dataset/splits/train/slice_22_mask_036.npy,0.10736465454101562,388.12823486328125,459537.6289517471,2966330.3784013605,0.3491554260253906
22,037,og_dataset/splits/train/slice_22_img_037.npy,og_dataset/splits/train/slice_22_mask_037.npy,0.11430740356445312,276.1484375,474719.57186740055,2966330.3784013605,0.4518852233886719
22,050,og_dataset/splits/train/slice_22_img_050.npy,og_dataset/splits/train/slice_22_mask_050.npy,0.036754608154296875,293.0263366699219,444355.6860360937,2981512.529761905,0.18495559692382812
22,051,og_dataset/splits/train/slice_22_img_051.npy,og_dataset/splits/train/slice_22_mask_051.npy,0.0212554931640625,461.1911926269531,459537.6289517471,2981512.529761905,0.40015411376953125
22,066,og_dataset/splits/train/slice_22_img_066.npy,og_dataset/splits/train/slice_22_mask_066.npy,0.0294952392578125,454.2325439453125,459537.6289517471,2996694.681122449,0.4343414306640625
23,018,og_dataset/splits/train/slice_23_img_018.npy,og_dataset/splits/train/slice_23_mask_018.npy,0.01250457763671875,470.50189208984375,313551.70748642844,3905118.1655776454,0.46579742431640625
23,019,og_dataset/splits/train/slice_23_img_019.npy,og_dataset/splits/train/slice_23_mask_019.npy,0.009807586669921875,452.62298583984375,328733.6239111223,3905118.1655776454,0.20117568969726562
23,020,og_dataset/splits/train/slice_23_img_020.npy,og_dataset/splits/train/slice_23_mask_020.npy,0.003570556640625,457.03448486328125,343915.5403358162,3905118.1655776454,0.310943603515625
23,022,og_dataset/splits/train/slice_23_img_022.npy,og_dataset/splits/train/slice_23_mask_022.npy,0.017246246337890625,472.8614196777344,374279.3731852039,3905118.1655776454,0.4132881164550781
23,023,og_dataset/splits/train/slice_23_img_023.npy,og_dataset/splits/train/slice_23_mask_023.npy,0.000926971435546875,476.3535461425781,389461.28960989777,3905118.1655776454,0.8389549255371094
23,024,og_dataset/splits/train/slice_23_img_024.npy,og_dataset/splits/train/slice_23_mask_024.npy,0.016315460205078125,430.9715270996094,404643.2060345916,3905118.1655776454,0.4652366638183594
23,025,og_dataset/splits/train/slice_23_img_025.npy,og_dataset/splits/train/slice_23_mask_025.npy,0.017574310302734375,406.19512939453125,419825.1224592854,3905118.1655776454,0.3240394592285156
23,034,og_dataset/splits/train/slice_23_img_034.npy,og_dataset/splits/train/slice_23_mask_034.npy,0.043987274169921875,478.34112548828125,328733.6239111223,3920300.2759627416,0.6563301086425781
23,035,og_dataset/splits/train/slice_23_img_035.npy,og_dataset/splits/train/slice_23_mask_035.npy,0.011592864990234375,488.140625,343915.5403358162,3920300.2759627416,0.7243843078613281
23,038,og_dataset/splits/train/slice_23_img_038.npy,og_dataset/splits/train/slice_23_mask_038.npy,0.013324737548828125,478.6328430175781,389461.28960989777,3920300.2759627416,0.8521080017089844
23,039,og_dataset/splits/train/slice_23_img_039.npy,og_dataset/splits/train/slice_23_mask_039.npy,0.034152984619140625,469.17022705078125,404643.2060345916,3920300.2759627416,0.5609474182128906
23,040,og_dataset/splits/train/slice_23_img_040.npy,og_dataset/splits/train/slice_23_mask_040.npy,0.04125213623046875,445.2852783203125,419825.1224592854,3920300.2759627416,0.4460868835449219
23,041,og_dataset/splits/train/slice_23_img_041.npy,og_dataset/splits/train/slice_23_mask_041.npy,0.06575393676757812,487.0298767089844,435007.0388839793,3920300.2759627416,0.8359031677246094
23,042,og_dataset/splits/train/slice_23_img_042.npy,og_dataset/splits/train/slice_23_mask_042.npy,0.059650421142578125,498.96435546875,450188.95530867315,3920300.2759627416,0.6882972717285156
23,043,og_dataset/splits/train/slice_23_img_043.npy,og_dataset/splits/train/slice_23_mask_043.npy,0.01177215576171875,468.4170837402344,465370.871733367,3920300.2759627416,0.19393157958984375
23,048,og_dataset/splits/train/slice_23_img_048.npy,og_dataset/splits/train/slice_23_mask_048.npy,0.0130462646484375,442.6995544433594,313551.70748642844,3935482.3863478377,0.2085418701171875
23,049,og_dataset/splits/train/slice_23_img_049.npy,og_dataset/splits/train/slice_23_mask_049.npy,0.03403472900390625,460.1365661621094,328733.6239111223,3935482.3863478377,0.222930908203125
23,052,og_dataset/splits/train/slice_23_img_052.npy,og_dataset/splits/train/slice_23_mask_052.npy,0.000789642333984375,465.12310791015625,374279.3731852039,3935482.3863478377,0.3446388244628906
23,054,og_dataset/splits/train/slice_23_img_054.npy,og_dataset/splits/train/slice_23_mask_054.npy,0.0128631591796875,401.02764892578125,404643.2060345916,3935482.3863478377,0.19666290283203125
23,055,og_dataset/splits/train/slice_23_img_055.npy,og_dataset/splits/train/slice_23_mask_055.npy,0.01755523681640625,436.77978515625,419825.1224592854,3935482.3863478377,0.4824371337890625
23,056,og_dataset/splits/train/slice_23_img_056.npy,og_dataset/splits/train/slice_23_mask_056.npy,0.054012298583984375,477.8047790527344,435007.0388839793,3935482.3863478377,0.8496589660644531
23,058,og_dataset/splits/train/slice_23_img_058.npy,og_dataset/splits/train/slice_23_mask_058.npy,0.11479949951171875,475.81622314453125,465370.871733367,3935482.3863478377,0.8744583129882812
23,059,og_dataset/splits/train/slice_23_img_059.npy,og_dataset/splits/train/slice_23_mask_059.npy,0.09839248657226562,394.0135192871094,480552.78815806087,3935482.3863478377,0.19607925415039062
23,063,og_dataset/splits/train/slice_23_img_063.npy,og_dataset/splits/train/slice_23_mask_063.npy,0.005558013916015625,475.8528137207031,313551.70748642844,3950664.496732935,0.2690620422363281
23,070,og_dataset/splits/train/slice_23_img_070.npy,og_dataset/splits/train/slice_23_mask_070.npy,0.021453857421875,472.1085205078125,419825.1224592854,3950664.496732935,0.5635147094726562
23,072,og_dataset/splits/train/slice_23_img_072.npy,og_dataset/splits/train/slice_23_mask_072.npy,0.08846282958984375,464.1079406738281,450188.95530867315,3950664.496732935,0.4625091552734375
23,073,og_dataset/splits/train/slice_23_img_073.npy,og_dataset/splits/train/slice_23_mask_073.npy,0.045352935791015625,466.4996337890625,465370.871733367,3950664.496732935,0.5121040344238281
23,085,og_dataset/splits/train/slice_23_img_085.npy,og_dataset/splits/train/slice_23_mask_085.npy,0.01346588134765625,458.2997741699219,419825.1224592854,3965846.607118032,0.30450439453125
23,102,og_dataset/splits/train/slice_23_img_102.npy,og_dataset/splits/train/slice_23_mask_102.npy,0.016086578369140625,438.33978271484375,450188.95530867315,3981028.717503128,0.3484992980957031
23,103,og_dataset/splits/train/slice_23_img_103.npy,og_dataset/splits/train/slice_23_mask_103.npy,0.027339935302734375,476.73883056640625,465370.871733367,3981028.717503128,0.78753662109375
23,121,og_dataset/splits/train/slice_23_img_121.npy,og_dataset/splits/train/slice_23_mask_121.npy,0.009281158447265625,433.83203125,283187.8746370408,4011392.9382733214,0.264190673828125
23,122,og_dataset/splits/train/slice_23_img_122.npy,og_dataset/splits/train/slice_23_mask_122.npy,0.0054779052734375,479.5129699707031,298369.79106173466,4011392.9382733214,0.3155975341796875
23,123,og_dataset/splits/train/slice_23_img_123.npy,og_dataset/splits/train/slice_23_mask_123.npy,0.00548553466796875,473.6637878417969,313551.70748642844,4011392.9382733214,0.23069000244140625
23,167,og_dataset/splits/train/slice_23_img_167.npy,og_dataset/splits/train/slice_23_mask_167.npy,0.0,421.10516357421875,298369.79106173466,4056939.269428611,0.39467620849609375
24,002,og_dataset/splits/train/slice_24_img_002.npy,og_dataset/splits/train/slice_24_mask_002.npy,0.002532958984375,374.8388366699219,651139.9253731343,3576676.088016055,0.21224212646484375
24,053,og_dataset/splits/train/slice_24_img_053.npy,og_dataset/splits/train/slice_24_mask_053.npy,0.0,468.1943664550781,742231.7462686567,3622222.616112385,0.2868804931640625
24,061,og_dataset/splits/train/slice_24_img_061.npy,og_dataset/splits/train/slice_24_mask_061.npy,0.002895355224609375,355.5986633300781,635957.9552238806,3637404.7921444955,0.4279518127441406
24,073,og_dataset/splits/train/slice_24_img_073.npy,og_dataset/splits/train/slice_24_mask_073.npy,0.0,483.9503173828125,818141.5970149252,3637404.7921444955,0.24224090576171875
24,093,og_dataset/splits/train/slice_24_img_093.npy,og_dataset/splits/train/slice_24_mask_093.npy,0.034698486328125,504.0413513183594,666321.895522388,3667769.1442087158,0.9837417602539062
24,107,og_dataset/splits/train/slice_24_img_107.npy,og_dataset/splits/train/slice_24_mask_107.npy,0.006290435791015625,444.30267333984375,651139.9253731343,3682951.3202408254,0.4136924743652344
24,123,og_dataset/splits/train/slice_24_img_123.npy,og_dataset/splits/train/slice_24_mask_123.npy,0.019866943359375,454.70147705078125,666321.895522388,3698133.496272936,0.38484954833984375
24,125,og_dataset/splits/train/slice_24_img_125.npy,og_dataset/splits/train/slice_24_mask_125.npy,0.022289276123046875,490.2469787597656,696685.8358208954,3698133.496272936,0.5614204406738281
24,137,og_dataset/splits/train/slice_24_img_137.npy,og_dataset/splits/train/slice_24_mask_137.npy,0.0192108154296875,411.5459899902344,651139.9253731343,3713315.6723050456,0.19484710693359375
24,140,og_dataset/splits/train/slice_24_img_140.npy,og_dataset/splits/train/slice_24_mask_140.npy,0.01294708251953125,445.2350769042969,696685.8358208954,3713315.6723050456,0.22701263427734375
24,155,og_dataset/splits/train/slice_24_img_155.npy,og_dataset/splits/train/slice_24_mask_155.npy,0.013385772705078125,450.8515625,696685.8358208954,3728497.8483371558,0.4164924621582031
24,156,og_dataset/splits/train/slice_24_img_156.npy,og_dataset/splits/train/slice_24_mask_156.npy,0.023834228515625,408.2214660644531,711867.8059701492,3728497.8483371558,0.18485260009765625
24,157,og_dataset/splits/train/slice_24_img_157.npy,og_dataset/splits/train/slice_24_mask_157.npy,0.023712158203125,483.38934326171875,727049.7761194031,3728497.8483371558,0.47353363037109375
24,159,og_dataset/splits/train/slice_24_img_159.npy,og_dataset/splits/train/slice_24_mask_159.npy,0.001346588134765625,464.4847106933594,757413.7164179103,3728497.8483371558,0.20706558227539062
24,172,og_dataset/splits/train/slice_24_img_172.npy,og_dataset/splits/train/slice_24_mask_172.npy,0.025508880615234375,500.84075927734375,727049.7761194031,3743680.024369266,0.9917793273925781
24,187,og_dataset/splits/train/slice_24_img_187.npy,og_dataset/splits/train/slice_24_mask_187.npy,0.0134429931640625,502.8406066894531,727049.7761194031,3758862.200401376,1.0933303833007812
24,188,og_dataset/splits/train/slice_24_img_188.npy,og_dataset/splits/train/slice_24_mask_188.npy,0.02190399169921875,440.28289794921875,742231.7462686567,3758862.200401376,0.2772979736328125
24,192,og_dataset/splits/train/slice_24_img_192.npy,og_dataset/splits/train/slice_24_mask_192.npy,0.0,442.8213806152344,802959.6268656716,3758862.200401376,0.2047576904296875
25,123,og_dataset/splits/train/slice_25_img_123.npy,og_dataset/splits/train/slice_25_mask_123.npy,0.0,485.4853820800781,353031.71257106756,4169702.950751252,0.2033233642578125
25,124,og_dataset/splits/train/slice_25_img_124.npy,og_dataset/splits/train/slice_25_mask_124.npy,0.010349273681640625,490.9827880859375,368213.6304485155,4169702.950751252,0.3746147155761719
25,138,og_dataset/splits/train/slice_25_img_138.npy,og_dataset/splits/train/slice_25_mask_138.npy,0.00170135498046875,510.59100341796875,353031.71257106756,4184885.0626043407,0.7650985717773438
25,143,og_dataset/splits/train/slice_25_img_143.npy,og_dataset/splits/train/slice_25_mask_143.npy,0.0087432861328125,483.03448486328125,428941.301958307,4184885.0626043407,0.47979736328125
25,144,og_dataset/splits/train/slice_25_img_144.npy,og_dataset/splits/train/slice_25_mask_144.npy,0.004589080810546875,388.5446472167969,444123.21983575495,4184885.0626043407,0.4521141052246094
25,152,og_dataset/splits/train/slice_25_img_152.npy,og_dataset/splits/train/slice_25_mask_152.npy,0.005718231201171875,445.9186096191406,337849.7946936197,4200067.174457429,0.2506599426269531
25,160,og_dataset/splits/train/slice_25_img_160.npy,og_dataset/splits/train/slice_25_mask_160.npy,0.0,363.13287353515625,459305.1377132028,4200067.174457429,0.4959869384765625
25,166,og_dataset/splits/train/slice_25_img_166.npy,og_dataset/splits/train/slice_25_mask_166.npy,0.0208282470703125,466.4368591308594,322667.8768161718,4215249.286310518,0.3637847900390625
25,167,og_dataset/splits/train/slice_25_img_167.npy,og_dataset/splits/train/slice_25_mask_167.npy,0.003475189208984375,470.05889892578125,337849.7946936197,4215249.286310518,0.2880821228027344
25,169,og_dataset/splits/train/slice_25_img_169.npy,og_dataset/splits/train/slice_25_mask_169.npy,0.005748748779296875,463.5603942871094,368213.6304485155,4215249.286310518,0.23304367065429688
25,172,og_dataset/splits/train/slice_25_img_172.npy,og_dataset/splits/train/slice_25_mask_172.npy,0.00244903564453125,481.4056701660156,413759.38408085913,4215249.286310518,0.478485107421875
25,173,og_dataset/splits/train/slice_25_img_173.npy,og_dataset/splits/train/slice_25_mask_173.npy,0.015804290771484375,489.3311767578125,428941.301958307,4215249.286310518,0.6106071472167969
25,174,og_dataset/splits/train/slice_25_img_174.npy,og_dataset/splits/train/slice_25_mask_174.npy,0.000507354736328125,477.4624328613281,444123.21983575495,4215249.286310518,0.4315528869628906
25,177,og_dataset/splits/train/slice_25_img_177.npy,og_dataset/splits/train/slice_25_mask_177.npy,0.0,458.6875915527344,489668.97346809856,4215249.286310518,0.37488555908203125
25,183,og_dataset/splits/train/slice_25_img_183.npy,og_dataset/splits/train/slice_25_mask_183.npy,0.0060272216796875,376.5045471191406,353031.71257106756,4230431.3981636055,0.43683624267578125
25,184,og_dataset/splits/train/slice_25_img_184.npy,og_dataset/splits/train/slice_25_mask_184.npy,0.004566192626953125,419.8266296386719,368213.6304485155,4230431.3981636055,0.5656471252441406
25,185,og_dataset/splits/train/slice_25_img_185.npy,og_dataset/splits/train/slice_25_mask_185.npy,0.011165618896484375,461.42767333984375,383395.5483259634,4230431.3981636055,1.0132789611816406
25,186,og_dataset/splits/train/slice_25_img_186.npy,og_dataset/splits/train/slice_25_mask_186.npy,0.011760711669921875,500.66778564453125,398577.4662034112,4230431.3981636055,1.2612648010253906
25,187,og_dataset/splits/train/slice_25_img_187.npy,og_dataset/splits/train/slice_25_mask_187.npy,0.0357818603515625,451.7238464355469,413759.38408085913,4230431.3981636055,0.34423065185546875
25,188,og_dataset/splits/train/slice_25_img_188.npy,og_dataset/splits/train/slice_25_mask_188.npy,0.048870086669921875,482.8158874511719,428941.301958307,4230431.3981636055,0.7050094604492188
25,189,og_dataset/splits/train/slice_25_img_189.npy,og_dataset/splits/train/slice_25_mask_189.npy,0.13449859619140625,459.44903564453125,444123.21983575495,4230431.3981636055,0.3838653564453125
25,190,og_dataset/splits/train/slice_25_img_190.npy,og_dataset/splits/train/slice_25_mask_190.npy,0.004138946533203125,472.3846130371094,459305.1377132028,4230431.3981636055,0.2662391662597656
25,203,og_dataset/splits/train/slice_25_img_203.npy,og_dataset/splits/train/slice_25_mask_203.npy,0.01071929931640625,382.9966735839844,428941.301958307,4245613.510016695,0.33771514892578125
25,204,og_dataset/splits/train/slice_25_img_204.npy,og_dataset/splits/train/slice_25_mask_204.npy,0.00897979736328125,450.08819580078125,444123.21983575495,4245613.510016695,0.7210006713867188
26,035,og_dataset/splits/train/slice_26_img_035.npy,og_dataset/splits/train/slice_26_mask_035.npy,0.0,554.6065673828125,731905.862607338,3767240.446326062,1.250732421875
26,047,og_dataset/splits/train/slice_26_img_047.npy,og_dataset/splits/train/slice_26_mask_047.npy,0.03418731689453125,431.31646728515625,686359.93754879,3782422.624856487,0.8519744873046875
26,048,og_dataset/splits/train/slice_26_img_048.npy,og_dataset/splits/train/slice_26_mask_048.npy,0.028072357177734375,435.6310119628906,701541.912568306,3782422.624856487,0.3658866882324219
26,051,og_dataset/splits/train/slice_26_img_051.npy,og_dataset/splits/train/slice_26_mask_051.npy,0.015293121337890625,485.4352111816406,747087.837626854,3782422.624856487,0.6181449890136719
26,062,og_dataset/splits/train/slice_26_img_062.npy,og_dataset/splits/train/slice_26_mask_062.npy,0.0271759033203125,454.1299743652344,686359.93754879,3797604.8033869117,0.47190093994140625
26,063,og_dataset/splits/train/slice_26_img_063.npy,og_dataset/splits/train/slice_26_mask_063.npy,0.0126953125,463.79779052734375,701541.912568306,3797604.8033869117,0.5473556518554688
26,064,og_dataset/splits/train/slice_26_img_064.npy,og_dataset/splits/train/slice_26_mask_064.npy,0.012165069580078125,409.3338928222656,716723.887587822,3797604.8033869117,0.21779251098632812
26,067,og_dataset/splits/train/slice_26_img_067.npy,og_dataset/splits/train/slice_26_mask_067.npy,0.00284576416015625,490.1758728027344,762269.81264637,3797604.8033869117,0.5363616943359375
26,081,og_dataset/splits/train/slice_26_img_081.npy,og_dataset/splits/train/slice_26_mask_081.npy,0.05413818359375,512.8925170898438,747087.837626854,3812786.9819173366,0.8134307861328125
26,082,og_dataset/splits/train/slice_26_img_082.npy,og_dataset/splits/train/slice_26_mask_082.npy,0.018924713134765625,549.1622924804688,762269.81264637,3812786.9819173366,1.1746482849121094
26,097,og_dataset/splits/train/slice_26_img_097.npy,og_dataset/splits/train/slice_26_mask_097.npy,0.01912689208984375,525.5711059570312,762269.81264637,3827969.1604477614,0.9556503295898438
26,098,og_dataset/splits/train/slice_26_img_098.npy,og_dataset/splits/train/slice_26_mask_098.npy,0.00421142578125,482.16619873046875,777451.7876658861,3827969.1604477614,0.524444580078125
26,107,og_dataset/splits/train/slice_26_img_107.npy,og_dataset/splits/train/slice_26_mask_107.npy,0.0,456.2550354003906,686359.93754879,3843151.3389781862,0.295013427734375
26,112,og_dataset/splits/train/slice_26_img_112.npy,og_dataset/splits/train/slice_26_mask_112.npy,0.012531280517578125,490.19305419921875,762269.81264637,3843151.3389781862,0.4975624084472656
26,123,og_dataset/splits/train/slice_26_img_123.npy,og_dataset/splits/train/slice_26_mask_123.npy,0.0,454.2683410644531,701541.912568306,3858333.5175086106,0.28350830078125
26,124,og_dataset/splits/train/slice_26_img_124.npy,og_dataset/splits/train/slice_26_mask_124.npy,0.0,455.3124084472656,716723.887587822,3858333.5175086106,0.2230224609375
26,125,og_dataset/splits/train/slice_26_img_125.npy,og_dataset/splits/train/slice_26_mask_125.npy,0.0,456.26055908203125,731905.862607338,3858333.5175086106,0.20429229736328125
26,129,og_dataset/splits/train/slice_26_img_129.npy,og_dataset/splits/train/slice_26_mask_129.npy,0.004001617431640625,480.6165771484375,792633.7626854021,3858333.5175086106,0.3927955627441406
26,131,og_dataset/splits/train/slice_26_img_131.npy,og_dataset/splits/train/slice_26_mask_131.npy,0.0,507.14630126953125,822997.712724434,3858333.5175086106,0.6684188842773438
26,132,og_dataset/splits/train/slice_26_img_132.npy,og_dataset/splits/train/slice_26_mask_132.npy,0.0,479.8621520996094,838179.68774395,3858333.5175086106,0.37641143798828125
26,162,og_dataset/splits/train/slice_26_img_162.npy,og_dataset/splits/train/slice_26_mask_162.npy,0.0,450.6893615722656,838179.68774395,3888697.8745694603,0.217681884765625
27,081,og_dataset/splits/train/slice_27_img_081.npy,og_dataset/splits/train/slice_27_mask_081.npy,0.0053863525390625,486.0462951660156,623937.7184841454,3968156.8576906687,0.289093017578125
27,082,og_dataset/splits/train/slice_27_img_082.npy,og_dataset/splits/train/slice_27_mask_082.npy,0.00485992431640625,467.25537109375,639119.675174014,3968156.8576906687,0.25611114501953125
27,087,og_dataset/splits/train/slice_27_img_087.npy,og_dataset/splits/train/slice_27_mask_087.npy,0.01825714111328125,489.38165283203125,715029.4586233565,3968156.8576906687,0.34023284912109375
27,130,og_dataset/splits/train/slice_27_img_130.npy,og_dataset/splits/train/slice_27_mask_130.npy,0.038646697998046875,490.3368225097656,684665.5452436195,4013703.325521943,0.3384208679199219
28,023,og_dataset/splits/train/slice_28_img_023.npy,og_dataset/splits/train/slice_28_mask_023.npy,0.0,421.1844177246094,688531.6211516167,4067478.2380546075,0.229278564453125
28,036,og_dataset/splits/train/slice_28_img_036.npy,og_dataset/splits/train/slice_28_mask_036.npy,0.0,430.4396667480469,658167.7102924127,4082660.396757679,0.2947998046875
28,037,og_dataset/splits/train/slice_28_img_037.npy,og_dataset/splits/train/slice_28_mask_037.npy,0.0,426.4957580566406,673349.6657220146,4082660.396757679,0.2691650390625
28,038,og_dataset/splits/train/slice_28_img_038.npy,og_dataset/splits/train/slice_28_mask_038.npy,0.0,417.03326416015625,688531.6211516167,4082660.396757679,0.22571563720703125
28,052,og_dataset/splits/train/slice_28_img_052.npy,og_dataset/splits/train/slice_28_mask_052.npy,0.0,432.98236083984375,673349.6657220146,4097842.555460751,0.3996124267578125
29,183,og_dataset/splits/train/slice_29_img_183.npy,og_dataset/splits/train/slice_29_mask_183.npy,0.0513916015625,394.4501647949219,186321.64291072765,4073381.0932343234,0.3809356689453125
32,091,og_dataset/splits/train/slice_32_img_091.npy,og_dataset/splits/train/slice_32_mask_091.npy,0.04750823974609375,369.7486267089844,439127.9214780601,3346348.991775383,0.15679168701171875
32,108,og_dataset/splits/train/slice_32_img_108.npy,og_dataset/splits/train/slice_32_mask_108.npy,0.025661468505859375,427.0310363769531,469491.8167821401,3361531.1443562107,0.3076972961425781
32,115,og_dataset/splits/train/slice_32_img_115.npy,og_dataset/splits/train/slice_32_mask_115.npy,0.00037384033203125,452.53607177734375,575765.4503464203,3361531.1443562107,0.23004150390625
32,122,og_dataset/splits/train/slice_32_img_122.npy,og_dataset/splits/train/slice_32_mask_122.npy,0.00077056884765625,350.72442626953125,454309.86913010007,3376713.296937039,0.2094879150390625
32,130,og_dataset/splits/train/slice_32_img_130.npy,og_dataset/splits/train/slice_32_mask_130.npy,0.0007476806640625,413.3311767578125,575765.4503464203,3376713.296937039,0.29438018798828125
32,131,og_dataset/splits/train/slice_32_img_131.npy,og_dataset/splits/train/slice_32_mask_131.npy,0.022003173828125,440.3139953613281,590947.3979984603,3376713.296937039,0.30832672119140625
32,140,og_dataset/splits/train/slice_32_img_140.npy,og_dataset/splits/train/slice_32_mask_140.npy,0.07277297973632812,434.7225036621094,499855.71208622016,3391895.449517867,0.4268150329589844
32,143,og_dataset/splits/train/slice_32_img_143.npy,og_dataset/splits/train/slice_32_mask_143.npy,0.03049468994140625,448.0305480957031,545401.5550423403,3391895.449517867,0.2597503662109375
32,147,og_dataset/splits/train/slice_32_img_147.npy,og_dataset/splits/train/slice_32_mask_147.npy,0.00666046142578125,424.51239013671875,606129.3456505004,3391895.449517867,0.259552001953125
32,158,og_dataset/splits/train/slice_32_img_158.npy,og_dataset/splits/train/slice_32_mask_158.npy,0.008556365966796875,422.68951416015625,545401.5550423403,3407077.602098696,0.3010978698730469
33,186,og_dataset/splits/train/slice_33_img_186.npy,og_dataset/splits/train/slice_33_mask_186.npy,0.0,348.36444091796875,691347.7299703264,4393691.979951656,0.22504425048828125
34,023,og_dataset/splits/train/slice_34_img_023.npy,og_dataset/splits/train/slice_34_mask_023.npy,0.057346343994140625,518.8684692382812,795331.7767520478,2956218.2861884832,0.4689216613769531
34,024,og_dataset/splits/train/slice_34_img_024.npy,og_dataset/splits/train/slice_34_mask_024.npy,0.0733489990234375,505.40826416015625,810513.7504875829,2956218.2861884832,0.4576416015625
34,025,og_dataset/splits/train/slice_34_img_025.npy,og_dataset/splits/train/slice_34_mask_025.npy,0.025257110595703125,512.186767578125,825695.7242231179,2956218.2861884832,0.21485519409179688
34,037,og_dataset/splits/train/slice_34_img_037.npy,og_dataset/splits/train/slice_34_mask_037.npy,0.006435394287109375,432.6099853515625,780149.8030165128,2971400.4769808054,0.2806968688964844
34,040,og_dataset/splits/train/slice_34_img_040.npy,og_dataset/splits/train/slice_34_mask_040.npy,0.014942169189453125,488.2869567871094,825695.7242231179,2971400.4769808054,0.5583686828613281
34,043,og_dataset/splits/train/slice_34_img_043.npy,og_dataset/splits/train/slice_34_mask_043.npy,0.016513824462890625,397.9156188964844,871241.6454297231,2971400.4769808054,0.3022575378417969
34,055,og_dataset/splits/train/slice_34_img_055.npy,og_dataset/splits/train/slice_34_mask_055.npy,0.0061187744140625,458.1842956542969,825695.7242231179,2986582.6677731276,0.25658416748046875
